近藤 礼子,女,22,東京都
藤森 フミヤ,男,29,兵庫県
森島 扶樹,男,20,愛知県
宮沢 聡,男,18,神奈川県
樋口 法子,女,25,三重県
神木 恭子,女,19,愛知県
川崎 仁晶,男,19,北海道
柏原 杏,女,29,京都府
ともさか 彩,女,26,群馬県
本橋 孝太郎,男,18,神奈川県
岡村 鉄二,男,24,埼玉県
下田 友香,女,23,神奈川県
吹越 玲那,女,19,長崎県
石丸 惇,男,21,兵庫県
藤澤 なつみ,女,29,神奈川県
佐々木 惇,男,29,北海道
森島 友以乃,女,26,埼玉県
柳家 ヒロ,男,19,愛媛県
中川 莉央,女,29,茨城県
平井 倫子,女,17,東京都
小田 正義,男,18,兵庫県
重田 薫,男,28,東京都
川野 祐基,男,24,神奈川県
宮下 咲,女,21,滋賀県
福本 昌代,女,28,大阪府
瀬尾 昴,男,19,群馬県
伊藤 貴美子,女,23,和歌山県
花岡 ジローラモ,男,30,東京都
日高 恵望子,女,30,兵庫県
下川 俊二,男,18,島根県
品川 恵望子,女,24,和歌山県
森永 博之,男,25,東京都
松澤 勝久,男,29,東京都
川瀬 恵梨香,女,29,愛知県
谷本 浩太郎,男,28,兵庫県
滝 裕司,男,29,福岡県
吉岡 礼子,女,30,愛知県
河本 瞳,女,28,鹿児島県
吉永 淳子,女,27,広島県
宮部 華子,女,30,群馬県
沢井 雅功,男,27,大阪府
黒沢 正敏,男,26,岡山県
橘 光臣,男,25,宮崎県
村木 進,男,30,岡山県
木村 めぐみ,女,28,北海道
松崎 充則,男,29,岩手県
高村 景子,女,27,宮崎県
長田 誠一,男,17,北海道
黒谷 薫,女,25,埼玉県
大田 克実,男,29,長崎県
